vehicle_id,title,description,url,make,model,year,mileage.value,mileage.unit,price,state_of_vehicle,condition,availability,body_style,fuel_type,transmission,image_link,additional_image_link,address
DMF834,Opel Astra,"Opel Astra Sports Tourer 1.4 Turbo Manuell 140hkVälskött Opel Astra Sports Tourer från 2016 med den pigga och bränslesnåla 1.4 Turbo-bensinmotorn på 140 hk samt manuell växellåda. Bilen har gått 13 400 mil och erbjuder en bekväm körupplevelse, rymlig kupé och generöst lastutrymme – ett utmärkt val för både familjen och pendlaren.Senaste besiktning genomfördes 2026-06-16 och bilen är besiktad till 2027-07-31, vilket ger ett tryggt bilägande.Möjlighet till 12 månaders garantiTill den här bilen kan du lägga till 12 månaders garanti som täcker motor, växellåda och drivlina under hela garantitiden. Kontakta oss för pris och villkor.",https://begbilnorr.se/bilar/opel-astra-2016-dmf834?utm_source=facebook&utm_medium=paid-social&utm_campaign=lagerannonser&utm_content=DMF834,Opel,Astra,2016,134000,KM,68950 SEK,used,used,available,Kombi,Bensin,manual,https://images.blocketcdn.se/dynamic/1600w/item/26059901/91b88131-d0cd-4a68-bc10-b6e40387b2a5,"https://images.blocketcdn.se/dynamic/1600w/item/26059901/da06be42-a5d3-46c7-8bb0-902ed766c616,https://images.blocketcdn.se/dynamic/1600w/item/26059901/18b3aba3-87fe-41ab-9e71-8acfa8e68ea6,https://images.blocketcdn.se/dynamic/1600w/item/26059901/d65b61a5-3e20-4616-b969-953dc16e0d6e,https://images.blocketcdn.se/dynamic/1600w/item/26059901/c4493aa3-3793-4a3e-a1d0-94ba40161f83,https://images.blocketcdn.se/dynamic/1600w/item/26059901/a1366e8f-bb9c-433c-834b-26626c94ec9b,https://images.blocketcdn.se/dynamic/1600w/item/26059901/238bb97b-e781-40d0-b0c4-44361632668a,https://images.blocketcdn.se/dynamic/1600w/item/26059901/3e5ed727-255e-453d-8bd2-1545577253c7,https://images.blocketcdn.se/dynamic/1600w/item/26059901/8f1cedb5-6d55-4adb-98ee-060b7d6c3fba,https://images.blocketcdn.se/dynamic/1600w/item/26059901/697b126d-59f7-4ff1-b9d0-73b04f492b98","{""addr1"":""Fabriksvägen 18"",""city"":""Luleå"",""region"":""Norrbotten"",""country"":""SE"",""postal_code"":""972 54""}"
FXP284,Mercedes-Benz CLA220,"Mercedes-Benz CLA 220 CDI Shooting Brake 7G-DCT 177hk 2015Välutrustad CLA Shooting Brake Urban Line med en stark och bränslesnål dieselmotor på 177 hk och smidig 7G-DCT-automatlåda. En rymlig kombi med 495 liter bagageutrymme som passar bra för familjeliv och längre resor.Den drar bara 4 l/100 km . Mätarställning: 13 616 mil. Besiktas senast 2027-10-31. Årsskatt: 1 103 kr. Sommar- och vinterdäck ingår. Vi erbjuder finansiering och hjälper gärna till med inbyte eller hemleverans i hela Sverige.Möjlighet till 36 månaders garanti på motor, växellåda och drivlina.Kontakta oss för visning eller frågor!Telefon: 0920-999 86WhatsApp: 0727 448 034E-post: info @ begbilnorr.seWebb: www.begbilnorr.se",https://begbilnorr.se/bilar/mercedes-benz-cla220-2015-fxp284?utm_source=facebook&utm_medium=paid-social&utm_campaign=lagerannonser&utm_content=FXP284,Mercedes-Benz,CLA220,2015,136150,KM,174950 SEK,used,used,available,Kombi,Diesel,automatic,https://images.blocketcdn.se/dynamic/1600w/item/26667511/5d92a196-5b6a-4c23-bf6b-88facd2d99c7,"https://images.blocketcdn.se/dynamic/1600w/item/26667511/8785eadd-b402-44cc-9703-7327a3aa28a6,https://images.blocketcdn.se/dynamic/1600w/item/26667511/4e611fab-8f05-4807-8c85-24f892eef108,https://images.blocketcdn.se/dynamic/1600w/item/26667511/6aea8e5a-a9f7-4c9a-a591-a67dc2d69549,https://images.blocketcdn.se/dynamic/1600w/item/26667511/d790e1b2-ba09-44ef-ad7b-a685667e2623,https://images.blocketcdn.se/dynamic/1600w/item/26667511/37068620-b17b-4448-831c-24a2f7b47b5e,https://images.blocketcdn.se/dynamic/1600w/item/26667511/f7b92c40-31b2-40c4-a5e8-5066ed9c0783,https://images.blocketcdn.se/dynamic/1600w/item/26667511/25261b07-aec2-4497-ab05-2d4852217a41,https://images.blocketcdn.se/dynamic/1600w/item/26667511/25e0fb6f-8f62-4304-bdc3-36bbd36cebc2,https://images.blocketcdn.se/dynamic/1600w/item/26667511/b6ea8cb3-0dd7-47a0-8ecc-adc36c4ad297,https://images.blocketcdn.se/dynamic/1600w/item/26667511/b3577ca1-04be-4a3d-a5dc-d4f54b58b5c6,https://images.blocketcdn.se/dynamic/1600w/item/26667511/83d602b1-6987-41a7-98dc-aedf01bc97a5","{""addr1"":""Fabriksvägen 18"",""city"":""Luleå"",""region"":""Norrbotten"",""country"":""SE"",""postal_code"":""972 54""}"
KBF684,Renault Captur,"Renault Captur 1.2 TCe EDC 120hk 2015Välutrustad Renault Captur med den bränslesnåla 1.2 TCe-bensinmotorn på 120 hk och smidig EDC-automatlåda. En praktisk och lättkörd crossover med högre sittposition som passar perfekt för både vardagskörning i stan, familjeliv och längre resor året runt.Bilen är regelbundet servad och erbjuder hög körkomfort med låg förbrukning och låg årsskatt, vilket ger en trygg och ekonomisk bilaffär. Besiktas senast 2027-09-30. Årsskatt: 668 kr. Sommar- och vinterdäck ingår samt garanti för extra trygghet. Finansiering erbjuds och vi hjälper gärna till med inbyte eller hemleverans i hela Sverige.Möjlighet till 12 månaders garantiTill den här bilen kan du lägga till 12 månaders garanti som täcker motor, växellåda och drivlina under hela garantitiden. Kontakta oss för pris och villkor.Kontakta oss för visning eller frågor!Telefon: 0920-999 86WhatsApp: 0727 448 034E-post: info @ begbilnorr.seWebb: www.begbilnorr.se",https://begbilnorr.se/bilar/renault-captur-2015-kbf684?utm_source=facebook&utm_medium=paid-social&utm_campaign=lagerannonser&utm_content=KBF684,Renault,Captur,2015,101020,KM,89950 SEK,used,used,available,SUV,Bensin,automatic,https://images.blocketcdn.se/dynamic/1600w/item/26362103/4b986460-5cf5-4315-b0d4-9462271f1d9e,"https://images.blocketcdn.se/dynamic/1600w/item/26362103/9aa36646-c76b-4bd6-827d-e2522a18d3c8,https://images.blocketcdn.se/dynamic/1600w/item/26362103/af883241-97a5-4fa6-bb00-000d255cb85e,https://images.blocketcdn.se/dynamic/1600w/item/26362103/26c2dc61-2f6b-41ac-915e-74e0ef24f846,https://images.blocketcdn.se/dynamic/1600w/item/26362103/dd0456ef-f129-4ea9-aefc-062a2c351f32,https://images.blocketcdn.se/dynamic/1600w/item/26362103/c7e705f5-6797-4da4-b0d3-1309927c774b,https://images.blocketcdn.se/dynamic/1600w/item/26362103/42970621-3d79-4cd9-854c-54d813d1c331,https://images.blocketcdn.se/dynamic/1600w/item/26362103/c9d83d2e-981f-4f7b-9bff-1067aaec9aa3,https://images.blocketcdn.se/dynamic/1600w/item/26362103/ee88dc9e-b550-48cc-9221-1d7d35799903,https://images.blocketcdn.se/dynamic/1600w/item/26362103/61bde296-fe35-400d-b90a-8dba5b5d6285,https://images.blocketcdn.se/dynamic/1600w/item/26362103/117c1b26-6329-489d-bc35-24a59d1fb48a","{""addr1"":""Fabriksvägen 18"",""city"":""Luleå"",""region"":""Norrbotten"",""country"":""SE"",""postal_code"":""972 54""}"
MOF691,Volvo V70,"Volvo V70 D4 AWD Geartronic 181hkVälutrustad Volvo V70 med den bränslesnåla 2.4-liters femcylindriga D4-dieselmotorn på 181 hk, mjuk Geartronic-automatlåda och AWD fyrhjulsdrift. En rymlig premiumkombi med 575 liter bagagevolym som passar lika bra för vardagskörning och familjeliv som för längre resor året runt.Bilen är svensksåld i utrustningsnivån Momentum Business Edition Pro och erbjuder hög körkomfort med trygg framkomlighet i alla väder samt låg förbrukning på 5,9 l/100 km. Besiktas senast 2027-09-30. Årsskatt: 3 866 kr. Sommar- och vinterdäck ingår samt garanti för extra trygghet. Finansiering erbjuds och vi hjälper gärna till med inbyte eller hemleverans i hela Sverige.Möjlighet till 12 månaders garantiTill den här bilen kan du lägga till 12 månaders garanti som täcker motor, växellåda och drivlina under hela garantitiden. Kontakta oss för pris och villkor.Kontakta oss för visning eller frågor!Telefon: 0920-999 86WhatsApp: 0727 448 034E-post: info @ begbilnorr.seWebb: www.begbilnorr.se",https://begbilnorr.se/bilar/volvo-v70-2015-mof691?utm_source=facebook&utm_medium=paid-social&utm_campaign=lagerannonser&utm_content=MOF691,Volvo,V70,2015,295510,KM,105950 SEK,used,used,out of stock,Kombi,Diesel,automatic,https://images.blocketcdn.se/dynamic/1600w/item/26455377/b13d88ce-4b60-458b-bb9f-946d79db19e3,"https://images.blocketcdn.se/dynamic/1600w/item/26455377/33c66833-826c-47aa-8cea-b6d7bb5d0bc4,https://images.blocketcdn.se/dynamic/1600w/item/26455377/5e2a83a4-d976-4e48-90aa-df89ad0d2b50,https://images.blocketcdn.se/dynamic/1600w/item/26455377/8b1b9248-23bc-47b6-a7ec-4c02af1a1d9d,https://images.blocketcdn.se/dynamic/1600w/item/26455377/0dcc4baf-74d9-4ea6-bb86-728ca557dd53,https://images.blocketcdn.se/dynamic/1600w/item/26455377/d8f2297b-9d79-46ae-a289-ffbe73ee8324,https://images.blocketcdn.se/dynamic/1600w/item/26455377/d5a7e5bd-3c45-42a2-958b-659d57fb650f,https://images.blocketcdn.se/dynamic/1600w/item/26455377/19b9f8c8-fe75-4876-a130-a8ab7161f46f,https://images.blocketcdn.se/dynamic/1600w/item/26455377/d4a15eb2-37f6-418a-8112-cb3e65ffb666,https://images.blocketcdn.se/dynamic/1600w/item/26455377/6b809e1e-a689-48bf-b7e1-3fbef901ad95,https://images.blocketcdn.se/dynamic/1600w/item/26455377/e796173b-187c-4301-88c1-0a53743d6ad4","{""addr1"":""Fabriksvägen 18"",""city"":""Luleå"",""region"":""Norrbotten"",""country"":""SE"",""postal_code"":""972 54""}"
FUZ495,Hyundai i30,"Hyundai i30cw 1.6 Manuell 126hk 2008Välutrustad Hyundai i30cw med en pålitlig 1.6-bensinmotor på 126 hk och lättväxlad 5-växlad manuell låda. En praktisk kombi med 415 liter bagageutrymme för vardag och familjeliv.Ekonomisk i drift med 6,2 l/100 km vid blandad körning. Mätarställning: 15 415 mil. Besiktas senast 2027-10-31. Årsskatt: 1 262 kr. Sommar- och vinterdäck ingår. Vi erbjuder finansiering och hjälper gärna till med inbyte eller hemleverans i hela Sverige.Möjlighet till 12 månaders garanti på motor, växellåda och drivlina.Kontakta oss för visning eller frågor!Telefon: 0920-999 86WhatsApp: 0727 448 034E-post: info @ begbilnorr.seWebb: www.begbilnorr.se",https://begbilnorr.se/bilar/hyundai-i30-2008-fuz495?utm_source=facebook&utm_medium=paid-social&utm_campaign=lagerannonser&utm_content=FUZ495,Hyundai,i30,2008,154150,KM,43950 SEK,used,used,out of stock,Kombi,Bensin,manual,https://images.blocketcdn.se/dynamic/1600w/item/26668052/ed44c95d-843f-4fe8-b94b-41246c948b3e,"https://images.blocketcdn.se/dynamic/1600w/item/26668052/64bd810a-9b93-4472-835d-985888e261a8,https://images.blocketcdn.se/dynamic/1600w/item/26668052/a1e73a57-8b0b-4add-b9b8-82a33a7fe4d4,https://images.blocketcdn.se/dynamic/1600w/item/26668052/89609d29-aad0-4bd1-88ab-374463aa4872,https://images.blocketcdn.se/dynamic/1600w/item/26668052/bc85bf51-b952-4252-a317-f05ee806a9b7,https://images.blocketcdn.se/dynamic/1600w/item/26668052/6086ecac-0455-4217-9460-88ec7aaf5111,https://images.blocketcdn.se/dynamic/1600w/item/26668052/8647a8ce-1f23-43b2-bc01-656dcb3d22f0,https://images.blocketcdn.se/dynamic/1600w/item/26668052/57d61884-c6f8-4ca5-ac38-0587ebdfcee0,https://images.blocketcdn.se/dynamic/1600w/item/26668052/e4e21293-e3cd-4ecd-b71e-f13951c778c7,https://images.blocketcdn.se/dynamic/1600w/item/26668052/10a92bc8-4bb7-4a28-81b5-766c0b70461c,https://images.blocketcdn.se/dynamic/1600w/item/26668052/3f85358a-7f7b-41ff-a72b-ca46c75cd639,https://images.blocketcdn.se/dynamic/1600w/item/26668052/2eb44ce0-e5b6-49a6-888c-6a40e963e45e","{""addr1"":""Fabriksvägen 18"",""city"":""Luleå"",""region"":""Norrbotten"",""country"":""SE"",""postal_code"":""972 54""}"
MYP454,Volkswagen Golf VI,"Praktisk och bränslesnål Volkswagen Golf Variant 1.6 TDI med manuell växellåda och 105 hk. En rymlig kombi som passar perfekt för både familjen och pendlaren. Bilen är regelbundet servad och väl omhändertagen, med låg bränsleförbrukning och god komfort för både stadskörning och längre resorBilen erbjuder en ekonomisk dieselmotor, stor lastkapacitet och välkända köregenskaper. Väl omhändertagen och redo för många problemfria mil.Besiktad till 2027-07-31Årsskatt: 1103 krSommar- och vinterdäck ingårGaranti ingår – slipp otrevliga överraskningar1 månads helförsäkring ingår kostnadsfrittFinansiering erbjuds – snabbt lånebesked, oftast samma dagProvkör bilen hemma hos dig – vi kommer till digByt in din bil eller köp på distans – vi levererar i hela SverigeMöjlighet till 12 månaders garantiTill den här bilen kan du lägga till 12 månaders garanti som täcker motor, växellåda och drivlina under hela garantitiden. Kontakta oss för pris och villkor.Kontakta oss för visning eller frågor!",https://begbilnorr.se/bilar/volkswagen-golf-vi-2013-myp454?utm_source=facebook&utm_medium=paid-social&utm_campaign=lagerannonser&utm_content=MYP454,Volkswagen,Golf VI,2013,165850,KM,65950 SEK,used,used,available,Kombi,Diesel,manual,https://images.blocketcdn.se/dynamic/1600w/item/24648532/ab57149d-6995-4604-94a0-713d3624d05f,"https://images.blocketcdn.se/dynamic/1600w/item/24648532/bdd31292-b891-4c32-a612-5ae0dda96aa0,https://images.blocketcdn.se/dynamic/1600w/item/24648532/4a308b1e-4b68-4b44-8b95-b70990e6c778,https://images.blocketcdn.se/dynamic/1600w/item/24648532/17adff91-97b2-44eb-a2fe-76f899d403f2,https://images.blocketcdn.se/dynamic/1600w/item/24648532/b198ce7a-6049-4450-8fb2-b0e4b29b25d3,https://images.blocketcdn.se/dynamic/1600w/item/24648532/a99569e6-14d4-4026-b498-a9362e8601ec,https://images.blocketcdn.se/dynamic/1600w/item/24648532/e5219533-018a-439a-b4c4-d188b6dad002,https://images.blocketcdn.se/dynamic/1600w/item/24648532/3a43f181-6ee7-4561-9f77-4cbb18ad2849","{""addr1"":""Fabriksvägen 18"",""city"":""Luleå"",""region"":""Norrbotten"",""country"":""SE"",""postal_code"":""972 54""}"
KDW546,Ford Focus,"Praktisk och ekonomisk Ford Focus Kombi med den bränslesnåla 1.6 TDCi-dieselmotorn på 109 hk och manuell växellåda. En rymlig kombi som passar perfekt för både familjen, pendling och längre resor.Bilen erbjuder god körkomfort, generöst lastutrymme och låga driftkostnader. Besiktas senast 2027-03-31. Årsskatt: 1 520 kr. Sommar- och vinterdäck ingår samt garanti för extra trygghet. Finansiering erbjuds och vi hjälper gärna till med inbyte eller hemleverans i hela Sverige.Möjlighet till 12 månaders garantiTill den här bilen kan du lägga till 12 månaders garanti som täcker motor, växellåda och drivlina under hela garantitiden. Kontakta oss för pris och villkor.Kontakta oss för visning eller frågor!Telefon: 0920-999 86WhatsApp: 0727 448 034E-post: info @ begbilnorr.seWebb: www.begbilnorr.se",https://begbilnorr.se/bilar/ford-focus-2010-kdw546?utm_source=facebook&utm_medium=paid-social&utm_campaign=lagerannonser&utm_content=KDW546,Ford,Focus,2010,189500,KM,41950 SEK,used,used,available,Kombi,Diesel,manual,https://images.blocketcdn.se/dynamic/1600w/item/25039776/f1408871-d4d4-4568-b219-f9708e2482c4,"https://images.blocketcdn.se/dynamic/1600w/item/25039776/20beed95-138d-420c-ade6-994eabfe31e3,https://images.blocketcdn.se/dynamic/1600w/item/25039776/d0122255-617c-44e4-af72-bc9bd1e35c9e,https://images.blocketcdn.se/dynamic/1600w/item/25039776/6e8ac0c8-86fa-4745-8e8e-2d5d84b569ef,https://images.blocketcdn.se/dynamic/1600w/item/25039776/4a45b908-e757-48d7-8c7c-04aa92bc44f2,https://images.blocketcdn.se/dynamic/1600w/item/25039776/29c4a3aa-c949-47e5-9177-987d61949ac6,https://images.blocketcdn.se/dynamic/1600w/item/25039776/46f5d5d0-79db-4b7a-ad5a-feca31335e5e,https://images.blocketcdn.se/dynamic/1600w/item/25039776/497dff52-ccd7-4f9c-b963-1907b6bb61ac,https://images.blocketcdn.se/dynamic/1600w/item/25039776/a9b1de94-684a-40d1-942f-f1ad4a3c9f99,https://images.blocketcdn.se/dynamic/1600w/item/25039776/854c6332-d357-4206-9dff-2f34cd7c42a9,https://images.blocketcdn.se/dynamic/1600w/item/25039776/8e0ee97b-6dd9-45fb-acce-e068debe263f","{""addr1"":""Fabriksvägen 18"",""city"":""Luleå"",""region"":""Norrbotten"",""country"":""SE"",""postal_code"":""972 54""}"
LYY940,Volvo V70,"Volvo V70 DRIVe Kinetic med 115 hk dieselmotor, 6-växlad manuell växellåda och rymligt lastutrymme.Nybesiktigad och godkänd — nästa besiktning senast den 31 oktober 2027. Fordonsskatten är 1 520 kr per år.Praktisk kombi med dragkrok, farthållare, multifunktionsratt och takrails.Möjlighet till 12 månaders garantiTill den här bilen kan du lägga till 12 månaders garanti som täcker motor, växellåda och drivlina under hela garantitiden. Kontakta oss för pris och villkor.Kontakta oss för visning eller frågor!",https://begbilnorr.se/bilar/volvo-v70-2012-lyy940?utm_source=facebook&utm_medium=paid-social&utm_campaign=lagerannonser&utm_content=LYY940,Volvo,V70,2012,293290,KM,51950 SEK,used,used,available,Kombi,Diesel,manual,https://images.blocketcdn.se/dynamic/1600w/item/26004270/d0757462-d575-422b-99be-743c9226b10e,"https://images.blocketcdn.se/dynamic/1600w/item/26004270/4b742fc9-44cd-4d4a-9268-e71657baed50,https://images.blocketcdn.se/dynamic/1600w/item/26004270/eda615e1-9809-4e9d-ba99-4b3aaeef36b2,https://images.blocketcdn.se/dynamic/1600w/item/26004270/01874af1-05a6-4679-abe3-6c02cff201b1,https://images.blocketcdn.se/dynamic/1600w/item/26004270/fe3951f2-122f-4ae2-b641-dec33cbcb6ba,https://images.blocketcdn.se/dynamic/1600w/item/26004270/df792eb5-0a4d-4d3f-91e8-09c7282daf13,https://images.blocketcdn.se/dynamic/1600w/item/26004270/57b0fcbb-301d-4671-984a-663087e04b8d,https://images.blocketcdn.se/dynamic/1600w/item/26004270/0cdc30c9-c88f-4967-8c27-ab2d0e503d6f,https://images.blocketcdn.se/dynamic/1600w/item/26004270/8bb049fa-6d21-4ca0-9b77-5f17bdaf0a75,https://images.blocketcdn.se/dynamic/1600w/item/26004270/13408549-bac5-4b4d-b3b5-b2966cc311e0","{""addr1"":""Fabriksvägen 18"",""city"":""Luleå"",""region"":""Norrbotten"",""country"":""SE"",""postal_code"":""972 54""}"
MCZ287,Kia Rio,"Kia Rio 1.4 CVVT 109hk • 5-dörrar • Låg skattPraktisk och bränslesnål Kia Rio med 1.4 CVVT-motor på 109 hk och manuell växellåda. En smidig och ekonomisk bil som passar perfekt för både stadskörning och pendling.Bilen har haft samma ägare sedan 2011 och är regelbundet servad genom åren, vilket vittnar om ett omsorgsfullt ägande. Den kommer att nybesiktas vid försäljning för en extra trygg affär.* Besiktad till 2027-08-31* Årsskatt: 536 kr* Sommar- och vinterdäck ingår* Garanti ingårMöjlighet till 12 månaders garantiTill den här bilen kan du lägga till 12 månaders garanti som täcker motor, växellåda och drivlina under hela garantitiden. Kontakta oss för pris och villkor.Kontakta oss för visning eller frågor!Telefon: 0920-999 86WhatsApp: 0727 448 034www.begbilnorr.se",https://begbilnorr.se/bilar/kia-rio-2012-mcz287?utm_source=facebook&utm_medium=paid-social&utm_campaign=lagerannonser&utm_content=MCZ287,Kia,Rio,2012,130050,KM,69950 SEK,used,used,available,Halvkombi 5-dörrar,Bensin,manual,https://images.blocketcdn.se/dynamic/1600w/item/24850717/573eb5f1-5628-4932-ae51-dc12122958ae,"https://images.blocketcdn.se/dynamic/1600w/item/24850717/03a90982-8dfe-44cc-8c36-8e8d77994bb0,https://images.blocketcdn.se/dynamic/1600w/item/24850717/eb0b93a4-4521-4e77-b236-922cf7546433,https://images.blocketcdn.se/dynamic/1600w/item/24850717/ec5aef78-6d2e-4309-ba6f-cfe447d20bcb,https://images.blocketcdn.se/dynamic/1600w/item/24850717/86109082-7c27-4ae4-8f71-906bdf5b6880,https://images.blocketcdn.se/dynamic/1600w/item/24850717/3ea82396-95e4-48e0-a8ab-fec807180bf2,https://images.blocketcdn.se/dynamic/1600w/item/24850717/72bbf114-f442-436b-98e1-51303d36223d,https://images.blocketcdn.se/dynamic/1600w/item/24850717/433d08ff-c846-497b-9c40-cc0644193626,https://images.blocketcdn.se/dynamic/1600w/item/24850717/2cca8391-9b35-4db6-9959-7dca0ef67862,https://images.blocketcdn.se/dynamic/1600w/item/24850717/51881e3d-d115-4dfe-8744-11cdbb842652,https://images.blocketcdn.se/dynamic/1600w/item/24850717/2ef272ee-8a4b-4c89-9ba6-5cb776fc6c24","{""addr1"":""Fabriksvägen 18"",""city"":""Luleå"",""region"":""Norrbotten"",""country"":""SE"",""postal_code"":""972 54""}"
MWZ304,Volkswagen Passat,"Volkswagen Passat Variant 2.0 TDI DPF BMT 4Motion DSG Sekventiell 170hkVälutrustad Volkswagen Passat Variant med den kraftfulla och bränslesnåla 2.0 TDI-dieselmotorn på 170 hk, smidig DSG-växellåda och 4Motion fyrhjulsdrift. En rymlig och bekväm kombi med stort lastutrymme som passar lika bra för vardagskörning och familjeliv som för längre resor året runt.Bilen är regelbundet servad, utrustad med dieselvärmare och erbjuder hög körkomfort med trygg framkomlighet i alla väder. Besiktas senast 2027-08-31. Årsskatt: 3 084 kr. Sommar- och vinterdäck ingår samt garanti för extra trygghet. Finansiering erbjuds och vi hjälper gärna till med inbyte eller hemleverans i hela Sverige.Möjlighet till 12 månaders garantiTill den här bilen kan du lägga till 12 månaders garanti som täcker motor, växellåda och drivlina under hela garantitiden. Kontakta oss för pris och villkor.Kontakta oss för visning eller frågor!Telefon: 0920-999 86WhatsApp: 0727 448 034E-post: info @ begbilnorr.seWebb: www.begbilnorr.se",https://begbilnorr.se/bilar/volkswagen-passat-2013-mwz304?utm_source=facebook&utm_medium=paid-social&utm_campaign=lagerannonser&utm_content=MWZ304,Volkswagen,Passat,2013,260010,KM,84950 SEK,used,used,available,Kombi,Diesel,automatic,https://images.blocketcdn.se/dynamic/1600w/item/26431982/39668e41-4a0d-4d30-9314-96dab2402bda,"https://images.blocketcdn.se/dynamic/1600w/item/26431982/9206fcb7-393e-45af-8505-99dd61921c43,https://images.blocketcdn.se/dynamic/1600w/item/26431982/bb7d22ba-240b-4143-86e5-9398d68cdfeb,https://images.blocketcdn.se/dynamic/1600w/item/26431982/608b1e44-4b2a-4208-9679-f6c29fee63ad,https://images.blocketcdn.se/dynamic/1600w/item/26431982/5891ea2f-b2d0-4bfd-9fda-02f7118356dd,https://images.blocketcdn.se/dynamic/1600w/item/26431982/067ab2a1-0dfd-4467-85a9-94fb667a7023,https://images.blocketcdn.se/dynamic/1600w/item/26431982/eae4a131-a3a9-4a26-a4e6-b59fbb04d6d6,https://images.blocketcdn.se/dynamic/1600w/item/26431982/96cbe02b-6f93-4df7-96be-ada6b81104ec,https://images.blocketcdn.se/dynamic/1600w/item/26431982/2247b8f8-7bfd-44bb-9795-f038c9acef39,https://images.blocketcdn.se/dynamic/1600w/item/26431982/a194d2df-a62f-45a9-bd96-351bc9f92c43,https://images.blocketcdn.se/dynamic/1600w/item/26431982/62fe7382-e397-4307-ad6d-b28b77987733,https://images.blocketcdn.se/dynamic/1600w/item/26431982/c73eaddd-4a77-43eb-9d54-0f7f64f225a8,https://images.blocketcdn.se/dynamic/1600w/item/26431982/d6004233-94dc-4b81-a276-d19e5252b812,https://images.blocketcdn.se/dynamic/1600w/item/26431982/c2ea1378-2d15-4b49-bbb6-d0b8a4cf0256","{""addr1"":""Fabriksvägen 18"",""city"":""Luleå"",""region"":""Norrbotten"",""country"":""SE"",""postal_code"":""972 54""}"
NWK260,Toyota Auris,"Toyota Auris Touring Sports 1.4 D-4D Manuell 90hkVälutrustad Toyota Auris Touring Sports med den bränslesnåla 1.4 D-4D-dieselmotorn på 90 hk och smidig 6-växlad manuell växellåda. En rymlig och praktisk kombi som passar perfekt för både vardagskörning, familjeliv och längre resor året runt.Bilen har gott om lastutrymme med 530 liters bagagevolym och en låg förbrukning på cirka 0,4 l/mil vid blandad körning, vilket ger en ekonomisk vardag. Besiktas senast 2027-10-31. Årsskatt: 1 207 kr. Sommar- och vinterdäck ingår samt garanti för extra trygghet. Finansiering erbjuds och vi hjälper gärna till med inbyte eller hemleverans i hela Sverige.Möjlighet till 12 månaders garantiTill den här bilen kan du lägga till 12 månaders garanti som täcker motor, växellåda och drivlina under hela garantitiden. Kontakta oss för pris och villkor.Kontakta oss för visning eller frågor!Telefon: 0920-999 86WhatsApp: 0727 448 034E-post: info @ begbilnorr.seWebb: www.begbilnorr.se",https://begbilnorr.se/bilar/toyota-auris-2013-nwk260?utm_source=facebook&utm_medium=paid-social&utm_campaign=lagerannonser&utm_content=NWK260,Toyota,Auris,2013,149040,KM,89950 SEK,used,used,available,Kombi,Diesel,manual,https://images.blocketcdn.se/dynamic/1600w/item/26781332/042bc0a6-05e1-41f3-b036-17f945e299ae,"https://images.blocketcdn.se/dynamic/1600w/item/26781332/1a2b75e4-abdd-465f-864c-cee7485711fc,https://images.blocketcdn.se/dynamic/1600w/item/26781332/176b5b06-42ef-44d4-b35f-5dce01869bc6,https://images.blocketcdn.se/dynamic/1600w/item/26781332/8f8601a8-379e-448e-a690-261ae3d46c4b,https://images.blocketcdn.se/dynamic/1600w/item/26781332/11fe8df9-8d75-4e0b-859b-14637953ed0d,https://images.blocketcdn.se/dynamic/1600w/item/26781332/3eef9fe2-b3bb-4a78-946c-fdd249df783c,https://images.blocketcdn.se/dynamic/1600w/item/26781332/ea6a12d0-3561-407e-812e-7c650b51e1c7,https://images.blocketcdn.se/dynamic/1600w/item/26781332/a6766713-1692-4120-ba57-806b432d7b96,https://images.blocketcdn.se/dynamic/1600w/item/26781332/c4b50842-c329-4758-ad0e-96c2ef545e38,https://images.blocketcdn.se/dynamic/1600w/item/26781332/331c894d-1f7b-4bd9-a1cb-b1690bb279f1,https://images.blocketcdn.se/dynamic/1600w/item/26781332/f21ddcfd-f8fb-4e5e-9c4b-34e5edb65503,https://images.blocketcdn.se/dynamic/1600w/item/26781332/e7390965-f6ae-4163-97ac-ea0f5b915922","{""addr1"":""Fabriksvägen 18"",""city"":""Luleå"",""region"":""Norrbotten"",""country"":""SE"",""postal_code"":""972 54""}"
MFP435,Ford Kuga,"Ford Kuga 2.0 TDCi AWD Powershift 163hk 4WDVälutrustad Ford Kuga med den starka 2.0 TDCi-dieselmotorn på 163 hk, smidig Powershift-automatlåda och fyrhjulsdrift. En bekväm och rymlig SUV som passar perfekt för både vardagskörning, familjeliv och längre resor året runt.Bilen erbjuder hög körkomfort och trygg framkomlighet i alla väder. Besiktas senast 2027-08-31. Årsskatt: 4 648 kr. Sommar- och vinterdäck ingår samt garanti för extra trygghet. Finansiering erbjuds och vi hjälper gärna till med inbyte eller hemleverans i hela Sverige.Möjlighet till 12 månaders garantiTill den här bilen kan du lägga till 12 månaders garanti som täcker motor, växellåda och drivlina under hela garantitiden. Kontakta oss för pris och villkor.Kontakta oss för visning eller frågor!Telefon: 0920-999 86WhatsApp: 0727 448 034E-post: info @ begbilnorr.seWebb: www.begbilnorr.se",https://begbilnorr.se/bilar/ford-kuga-2012-mfp435?utm_source=facebook&utm_medium=paid-social&utm_campaign=lagerannonser&utm_content=MFP435,Ford,Kuga,2012,245290,KM,58950 SEK,used,used,available,SUV,Diesel,automatic,https://images.blocketcdn.se/dynamic/1600w/item/25184054/a4e0e592-c243-49ad-b982-d88e52d35d2e,"https://images.blocketcdn.se/dynamic/1600w/item/25184054/83bfaa5e-fa89-42de-8610-79b495569df3,https://images.blocketcdn.se/dynamic/1600w/item/25184054/fb4e8c5a-c5a8-486f-905a-c6e70dcc930e,https://images.blocketcdn.se/dynamic/1600w/item/25184054/592fc577-18ba-445f-b9a5-6bf71ab45c69,https://images.blocketcdn.se/dynamic/1600w/item/25184054/f14324ab-e8b7-451b-ad85-589581f1fd8b,https://images.blocketcdn.se/dynamic/1600w/item/25184054/814efe33-d9ec-44aa-852f-bb40b53636a4,https://images.blocketcdn.se/dynamic/1600w/item/25184054/bb3300d9-0cc2-4cc7-83d4-f109f7ebc469,https://images.blocketcdn.se/dynamic/1600w/item/25184054/18761ae4-c4d2-4eb4-8033-e6f595cc5c90,https://images.blocketcdn.se/dynamic/1600w/item/25184054/7fe77573-670b-4fec-9957-cca2e663ffb5,https://images.blocketcdn.se/dynamic/1600w/item/25184054/b745e952-68a8-4624-aa49-c82ceea6b352,https://images.blocketcdn.se/dynamic/1600w/item/25184054/649596ac-afbf-4fab-ba20-ae0fd794d09a,https://images.blocketcdn.se/dynamic/1600w/item/25184054/a8e70c33-9add-4305-8cd7-fe9a9d05dc0c","{""addr1"":""Fabriksvägen 18"",""city"":""Luleå"",""region"":""Norrbotten"",""country"":""SE"",""postal_code"":""972 54""}"
WTA563,Toyota Corolla,"Toyota Corolla Kombi 1.6 VVT-i 110hk • Manuell • Driftsäker**Praktisk och välkänd Toyota Corolla Kombi med den pålitliga 1.6 VVT-i-motorn på 110 hk och manuell växellåda. En ekonomisk familjebil med gott om lastutrymme och låga ägandekostnader.Senaste ägaren har haft bilen sedan 2014, vilket tyder på ett långsiktigt och omsorgsfullt ägande. En uppskattad modell som är känd för sin driftsäkerhet och hållbarhet.* Besiktad till 2027-07-31* Årsskatt: 1 702 kr* Sommar- och vinterdäck ingår* Garanti ingårMöjlighet till 12 månaders garantiTill den här bilen kan du lägga till 12 månaders garanti som täcker motor, växellåda och drivlina under hela garantitiden. Kontakta oss för pris och villkor.Kontakta oss för visning eller frågor!Telefon: 0920-999 86",https://begbilnorr.se/bilar/toyota-corolla-2005-wta563?utm_source=facebook&utm_medium=paid-social&utm_campaign=lagerannonser&utm_content=WTA563,Toyota,Corolla,2005,214580,KM,39950 SEK,used,used,available,Kombi,Bensin,manual,https://images.blocketcdn.se/dynamic/1600w/item/25529170/bd57c1a8-b0d4-4986-bb32-fac6db78b164,"https://images.blocketcdn.se/dynamic/1600w/item/25529170/d2b47781-9b0a-47a7-ab94-28867319a2f1,https://images.blocketcdn.se/dynamic/1600w/item/25529170/f4e8ebff-1b17-48bc-a2b1-c378bffcedc6,https://images.blocketcdn.se/dynamic/1600w/item/25529170/4192dd80-c43c-4cfa-a536-7ec51be7be5d,https://images.blocketcdn.se/dynamic/1600w/item/25529170/2e9789f5-01d8-4018-b980-508b24055868,https://images.blocketcdn.se/dynamic/1600w/item/25529170/ebb7a239-45fe-4e68-8b98-0af8b5046040,https://images.blocketcdn.se/dynamic/1600w/item/25529170/071828e6-8f90-4eca-a2a3-9727c7303295,https://images.blocketcdn.se/dynamic/1600w/item/25529170/1951b259-20e2-4c84-bfe2-4ac35d5ea4a2,https://images.blocketcdn.se/dynamic/1600w/item/25529170/a86643a8-6f1c-431e-bb35-9f2019fe7ed1,https://images.blocketcdn.se/dynamic/1600w/item/25529170/b54bdfe5-bc32-49c4-a880-90114ebf186e","{""addr1"":""Fabriksvägen 18"",""city"":""Luleå"",""region"":""Norrbotten"",""country"":""SE"",""postal_code"":""972 54""}"
OMW371,Toyota Corolla Verso,"Toyota Corolla Verso 1.8 VVT-i 7-sits • Manuell • Familjebil**Rymlig och praktisk Toyota Corolla Verso med 1.8 VVT-i-motor på 129 hk och manuell växellåda. En flexibel 7-sitsig familjebil med gott om plats för både passagerare och bagage.Bilen har funnits i samma familjs ägo sedan 2008, vilket vittnar om ett långsiktigt och omsorgsfullt ägande. Toyota är känd för sin driftsäkerhet och låga ägandekostnader.* Besiktad till 2027-08-31* Årsskatt: 1 966 kr* Sommar- och vinterdäck ingår* Garanti ingårMöjlighet till 12 månaders garantiTill den här bilen kan du lägga till 12 månaders garanti som täcker motor, växellåda och drivlina under hela garantitiden. Kontakta oss för pris och villkor.Kontakta oss för visning eller frågor!Telefon: 0920-999 86",https://begbilnorr.se/bilar/toyota-corolla-verso-2008-omw371?utm_source=facebook&utm_medium=paid-social&utm_campaign=lagerannonser&utm_content=OMW371,Toyota,Corolla Verso,2008,148640,KM,69950 SEK,used,used,out of stock,Familjebuss,Bensin,manual,https://images.blocketcdn.se/dynamic/1600w/item/25529823/23e8621e-63cd-4c46-abcb-b5214139b0f1,"https://images.blocketcdn.se/dynamic/1600w/item/25529823/6b497934-c75c-4a25-bcae-ee7e9ac01162,https://images.blocketcdn.se/dynamic/1600w/item/25529823/db67385f-7a99-41d0-95c3-be22ac86e432,https://images.blocketcdn.se/dynamic/1600w/item/25529823/bdd5b5de-2db4-4da9-b98e-0f0b3ad639a0,https://images.blocketcdn.se/dynamic/1600w/item/25529823/10766b19-16ca-4526-a4f9-f9591c72442d,https://images.blocketcdn.se/dynamic/1600w/item/25529823/42b5da49-dca3-4c8a-bf09-36d4cd10e0df,https://images.blocketcdn.se/dynamic/1600w/item/25529823/186f81eb-8953-42a7-9c67-4ed6cdb3aece,https://images.blocketcdn.se/dynamic/1600w/item/25529823/15bfb63b-abcd-4fee-b3c9-6816c3ea55c7,https://images.blocketcdn.se/dynamic/1600w/item/25529823/887afa94-280d-4ebd-9eee-6e455e37e6ca,https://images.blocketcdn.se/dynamic/1600w/item/25529823/fd89357a-2a15-4321-ad48-e5374c2cb8c4,https://images.blocketcdn.se/dynamic/1600w/item/25529823/2488e606-6ab7-4583-85e6-5a57b2f78d51,https://images.blocketcdn.se/dynamic/1600w/item/25529823/a13d5b58-3e70-41ff-b354-0e9b97d6a89b","{""addr1"":""Fabriksvägen 18"",""city"":""Luleå"",""region"":""Norrbotten"",""country"":""SE"",""postal_code"":""972 54""}"
OFA714,Hyundai i40,"Hyundai i40cw 1.6 GDI Manuell 135hkVälutrustad Hyundai i40cw ActivePlus med en bränslesnål 1.6 GDI-bensinmotor på 135 hk, smidig 6-växlad manuell växellåda och framhjulsdrift. En rymlig kombi med 555 liter bagageutrymme som passar perfekt för både vardagskörning, familjeliv och längre resor året runt.Bilen erbjuder bekväm körning och låg förbrukning på cirka 6,1 l/100 km vid blandad körning. Besiktas senast 2027-08-31. Årsskatt: 998 kr. Sommar- och vinterdäck ingår samt garanti för extra trygghet. Finansiering erbjuds och vi hjälper gärna till med inbyte eller hemleverans i hela Sverige.Möjlighet till 12 månaders garantiTill den här bilen kan du lägga till 12 månaders garanti som täcker motor, växellåda och drivlina under hela garantitiden. Kontakta oss för pris och villkor.Kontakta oss för visning eller frågor!Telefon: 0920-999 86WhatsApp: 0727 448 034E-post: info @ begbilnorr.seWebb: www.begbilnorr.se",https://begbilnorr.se/bilar/hyundai-i40-2016-ofa714?utm_source=facebook&utm_medium=paid-social&utm_campaign=lagerannonser&utm_content=OFA714,Hyundai,i40,2016,89560,KM,124950 SEK,used,used,available,Kombi,Bensin,manual,https://images.blocketcdn.se/dynamic/1600w/item/26746708/d5692de9-94c1-437a-95d1-870d8af2040c,"https://images.blocketcdn.se/dynamic/1600w/item/26746708/462feeec-e007-4bdf-8d81-0a26e67030de,https://images.blocketcdn.se/dynamic/1600w/item/26746708/add0a49d-403c-47e5-bba9-832c040b4410,https://images.blocketcdn.se/dynamic/1600w/item/26746708/9d2648a6-3a5a-4cea-b460-5075b6ce7dfe,https://images.blocketcdn.se/dynamic/1600w/item/26746708/e3ecf6c9-8061-4480-8258-e93501c5a31b,https://images.blocketcdn.se/dynamic/1600w/item/26746708/0dff8489-7e24-4bcb-adc1-46c49a79ce97,https://images.blocketcdn.se/dynamic/1600w/item/26746708/f0e3bf49-58f2-4f52-8722-34a278393278,https://images.blocketcdn.se/dynamic/1600w/item/26746708/b5216c22-d9db-4cd1-acea-2c2adc2e2bc5,https://images.blocketcdn.se/dynamic/1600w/item/26746708/844c2843-5aaa-404f-8a7e-1e2fe5da54f8,https://images.blocketcdn.se/dynamic/1600w/item/26746708/096f2025-b086-49fc-b072-f0987f187d72,https://images.blocketcdn.se/dynamic/1600w/item/26746708/50c11782-f836-49fa-8631-96e941ed6df3","{""addr1"":""Fabriksvägen 18"",""city"":""Luleå"",""region"":""Norrbotten"",""country"":""SE"",""postal_code"":""972 54""}"
WSF875,Hyundai Tucson,"Hyundai Tucson 2.7 V6 4WD Shiftronic 175hk 4x4Robust och bekväm Hyundai Tucson med den pålitliga 2.7 V6-motorn på 175 hk, automatisk Shiftronic-växellåda och fyrhjulsdrift. En rymlig SUV som passar utmärkt för både vardagskörning, familjeliv och vintervägar.Den starka V6-motorn i kombination med 4WD ger en trygg och stabil körupplevelse året runt. Besiktas senast 2027-09-30. Årsskatt: 3 132 kr. Sommar- och vinterdäck ingår samt garanti för extra trygghet. Finansiering erbjuds och vi hjälper gärna till med inbyte eller hemleverans i hela Sverige.Möjlighet till 12 månaders garantiTill den här bilen kan du lägga till 12 månaders garanti som täcker motor, växellåda och drivlina under hela garantitiden. Kontakta oss för pris och villkor.Kontakta oss för visning eller frågor!WhatsApp: 0727 448 034E-post: info @ begbilnorr.seWebb: www.begbilnorr.se",https://begbilnorr.se/bilar/hyundai-tucson-2005-wsf875?utm_source=facebook&utm_medium=paid-social&utm_campaign=lagerannonser&utm_content=WSF875,Hyundai,Tucson,2005,180100,KM,49950 SEK,used,used,out of stock,SUV,Bensin,automatic,https://images.blocketcdn.se/dynamic/1600w/item/25448247/b97b3a50-d51c-46d7-8408-cdcabba308e5,"https://images.blocketcdn.se/dynamic/1600w/item/25448247/a6591ee7-b3e7-4aa8-adc9-8356eb6f0b40,https://images.blocketcdn.se/dynamic/1600w/item/25448247/b8a561ba-a73c-4d40-97a7-4a444712d391,https://images.blocketcdn.se/dynamic/1600w/item/25448247/1a47465a-181c-4328-acb0-bb39d9bf8aa0,https://images.blocketcdn.se/dynamic/1600w/item/25448247/b4f88615-5f07-446f-a20a-741d076ff748,https://images.blocketcdn.se/dynamic/1600w/item/25448247/76e562a6-4477-4b3c-bd16-129366b225d8,https://images.blocketcdn.se/dynamic/1600w/item/25448247/8f5507ca-68a3-4bdf-9427-872918656fc5,https://images.blocketcdn.se/dynamic/1600w/item/25448247/e5273916-bbf6-4e95-9915-98504c517aad,https://images.blocketcdn.se/dynamic/1600w/item/25448247/18829f0a-4146-450c-99cd-5854f19981d3,https://images.blocketcdn.se/dynamic/1600w/item/25448247/f8b62376-d9b4-4913-a880-1c66fb2dba4a,https://images.blocketcdn.se/dynamic/1600w/item/25448247/dd5be3e3-bca0-4b2c-bd84-b024ff1f0641","{""addr1"":""Fabriksvägen 18"",""city"":""Luleå"",""region"":""Norrbotten"",""country"":""SE"",""postal_code"":""972 54""}"
MNA594,Audi A6,"Audi A6 Avant 3.0 TDI 245hk • quattro • PremiumutrustadKraftfull och premiumutrustad Audi A6 Avant med 3.0 TDI V6 på 245 hk, S Tronic automat och quattro fyrhjulsdrift. En rymlig premiumkombi med hög komfort, gedigen kvalitetskänsla och trygg framkomlighet året runt. Utrustad med dieselvärmare – perfekt för kalla vinterdagar.Senaste ägaren har haft bilen sedan 2015. Svänghjulet är nyligen bytt, en stor och kostsam åtgärd som redan är gjord.Sommar- och vinterdäck ingårDieselvärmareGaranti ingår – slipp otrevliga överraskningarMöjlighet till 12 månaders garantiTill den här bilen kan du lägga till 12 månaders garanti som täcker motor, växellåda och drivlina under hela garantitiden. Kontakta oss för pris och villkor.Kontakta oss för visning eller frågor!Telefon: 0920-999 86",https://begbilnorr.se/bilar/audi-a6-2012-mna594?utm_source=facebook&utm_medium=paid-social&utm_campaign=lagerannonser&utm_content=MNA594,Audi,A6,2012,175290,KM,129950 SEK,used,used,available,Kombi,Diesel,automatic,https://images.blocketcdn.se/dynamic/1600w/item/25621533/f69f04ee-73fa-4a1d-aa97-6e220d2f618c,"https://images.blocketcdn.se/dynamic/1600w/item/25621533/a7a8855f-82dc-4b0c-9efe-f3359c6edf58,https://images.blocketcdn.se/dynamic/1600w/item/25621533/5c50b696-3dda-4987-8bf9-d0f8e45e9832,https://images.blocketcdn.se/dynamic/1600w/item/25621533/bb23395d-9ff9-41a7-9c6e-eba8b1f87488,https://images.blocketcdn.se/dynamic/1600w/item/25621533/284eb332-3919-4416-b919-eaa9b4994787,https://images.blocketcdn.se/dynamic/1600w/item/25621533/833c320a-3f80-4362-b61a-d026d0316026,https://images.blocketcdn.se/dynamic/1600w/item/25621533/d694165c-a346-4e54-abeb-9ef992a53ed3,https://images.blocketcdn.se/dynamic/1600w/item/25621533/30ea2c2d-8342-480d-aa87-65a72762fc24,https://images.blocketcdn.se/dynamic/1600w/item/25621533/abd7be21-aa10-4bb1-bfd9-46a010d7ba4b,https://images.blocketcdn.se/dynamic/1600w/item/25621533/eef384e9-0457-46ea-9e32-09a3f9235f50,https://images.blocketcdn.se/dynamic/1600w/item/25621533/710416fe-10e3-4c95-83c3-d27668187d03","{""addr1"":""Fabriksvägen 18"",""city"":""Luleå"",""region"":""Norrbotten"",""country"":""SE"",""postal_code"":""972 54""}"
XDJ235,Hyundai Santa Fe,"Hyundai Santa Fe 2.7 V6 4WD Automat 173hk NyservadRymlig och robust Hyundai Santa Fe med den pålitliga 2.7 V6-motorn på 173 hk, automatlåda och fyrhjulsdrift. En bekväm SUV som passar utmärkt för familjen, vinterkörning och dragarbete.Bilen är nyservad och nybesiktad, vilket ger ett tryggt bilägande från start. Besiktas senast 2027-09-30. Sommar- och vinterdäck ingår samt garanti för extra trygghet. Finansiering erbjuds och vi hjälper gärna till med inbyte eller hemleverans i hela Sverige.Möjlighet till 12 månaders garantiTill den här bilen kan du lägga till 12 månaders garanti som täcker motor, växellåda och drivlina under hela garantitiden. Kontakta oss för pris och villkor.Kontakta oss för visning eller frågor!Telefon: 0920-999 86WhatsApp: 0727 448 034E-post: info @ begbilnorr.seWebb: www.begbilnorr.se",https://begbilnorr.se/bilar/hyundai-santa-fe-2006-xdj235?utm_source=facebook&utm_medium=paid-social&utm_campaign=lagerannonser&utm_content=XDJ235,Hyundai,Santa Fe,2006,214780,KM,44950 SEK,used,used,available,SUV,Bensin,automatic,https://images.blocketcdn.se/dynamic/1600w/item/25104693/0b6bfec7-e0dd-48a2-8024-f796569d90dd,"https://images.blocketcdn.se/dynamic/1600w/item/25104693/9efebf63-9b51-4103-88b0-4891752bfdeb,https://images.blocketcdn.se/dynamic/1600w/item/25104693/6b25a53c-6a35-45ad-8ac4-4f0254368b82,https://images.blocketcdn.se/dynamic/1600w/item/25104693/085925f0-b609-4ad7-8f7b-e05b2ef9749b,https://images.blocketcdn.se/dynamic/1600w/item/25104693/1f6bb617-a08a-4bc8-9d1c-cc1a9c4f617f,https://images.blocketcdn.se/dynamic/1600w/item/25104693/8e384fa4-3869-4f51-ae1b-719cdc9e8135,https://images.blocketcdn.se/dynamic/1600w/item/25104693/7fd81c02-db24-480f-9cd3-0aed53c80b3b,https://images.blocketcdn.se/dynamic/1600w/item/25104693/78dc436a-6018-4e04-8f51-c96b4ad03f26,https://images.blocketcdn.se/dynamic/1600w/item/25104693/f068a5ce-2bd9-47c3-8817-1b6be159f7d4,https://images.blocketcdn.se/dynamic/1600w/item/25104693/1c53e5d3-8d88-42c3-a282-b12ebad84a47,https://images.blocketcdn.se/dynamic/1600w/item/25104693/eb2f0255-2cc4-4d10-8735-6b8f0a4d8518,https://images.blocketcdn.se/dynamic/1600w/item/25104693/b553df27-4f06-42a2-a5f4-458bc8a92f0c","{""addr1"":""Fabriksvägen 18"",""city"":""Luleå"",""region"":""Norrbotten"",""country"":""SE"",""postal_code"":""972 54""}"
FZP700,Volvo S40,"Volvo S40 1.8F Manuell 125hkVälutrustad Volvo S40 från 2009 med en bränslesnål 1.8 Flexifuel-motor på 125 hk, som går på både bensin och E85, och en manuell växellåda. En bekväm och trygg sedan för vardagskörning, pendling och längre resor året runt.Bilen har haft samma ägare sedan 2011 och erbjuder hög körkomfort med Volvos kända trygghet och låga driftskostnader. Besiktas senast 2027-10-31. Årsskatt: 1 086 kr. Sommar- och vinterdäck ingår samt garanti för extra trygghet. Finansiering erbjuds och vi hjälper gärna till med inbyte eller hemleverans i hela Sverige.Ring oss gärna för en detaljerad rapport om bilens skick från vår tekniker.Möjlighet till 12 månaders garantiTill den här bilen kan du lägga till 12 månaders garanti som täcker motor, växellåda och drivlina under hela garantitiden. Kontakta oss för pris och villkor.Kontakta oss för visning eller frågor!Telefon: 0920-999 86WhatsApp: 0727 448 034E-post: info @ begbilnorr.seWebb: www.begbilnorr.se",https://begbilnorr.se/bilar/volvo-s40-2009-fzp700?utm_source=facebook&utm_medium=paid-social&utm_campaign=lagerannonser&utm_content=FZP700,Volvo,S40,2009,190000,KM,59950 SEK,used,used,available,Sedan,"Etanol (FFV, E85)",manual,https://images.blocketcdn.se/dynamic/1600w/item/27194393/26f9eee9-6fbd-4a01-a8be-aef2b14d7192,"https://images.blocketcdn.se/dynamic/1600w/item/27194393/45a2a818-917f-4970-9c44-24f9c9f06d4c,https://images.blocketcdn.se/dynamic/1600w/item/27194393/a0654c85-f981-4d59-974f-d973f1176bcb,https://images.blocketcdn.se/dynamic/1600w/item/27194393/aa4cccfe-78b6-4822-b6b7-d15dacf481cb,https://images.blocketcdn.se/dynamic/1600w/item/27194393/7f8e4a5b-28de-4698-9465-9cb416cbb854,https://images.blocketcdn.se/dynamic/1600w/item/27194393/9dbb8955-ecc0-4e60-8e7c-b98343477c0d,https://images.blocketcdn.se/dynamic/1600w/item/27194393/5c17c5a0-dfe8-453d-a96a-d443ebd078c7,https://images.blocketcdn.se/dynamic/1600w/item/27194393/7176a61b-6548-4ffd-9928-4b0a008dc5b9,https://images.blocketcdn.se/dynamic/1600w/item/27194393/89e019c9-9cba-4ba5-b1dd-71efa16a8184,https://images.blocketcdn.se/dynamic/1600w/item/27194393/d17708d6-36a5-4dbd-b047-2eb96ea81691,https://images.blocketcdn.se/dynamic/1600w/item/27194393/f7095f53-c561-4bdb-a0dc-3c3b719ce805","{""addr1"":""Fabriksvägen 18"",""city"":""Luleå"",""region"":""Norrbotten"",""country"":""SE"",""postal_code"":""972 54""}"
XED158,Toyota Auris,"Toyota Auris Hybrid e-CVT 136hk Hybrid & AutomatBränslesnål och pålitlig Toyota Auris Hybrid med automatisk e-CVT-växellåda och en systemeffekt på 136 hk. Ett utmärkt val för dig som vill ha låg förbrukning, hög komfort och en smidig körupplevelse både i stadstrafik och på landsväg.Bilen är regelbundet servad och har haft samma ägare sedan 2017, vilket vittnar om ett omsorgsfullt ägande. Årsskatt: 360 kr. Sommar- och vinterdäck ingår samt garanti för extra trygghet. Finansiering erbjuds och vi hjälper gärna till med inbyte eller hemleverans i hela Sverige.Möjlighet till 12 månaders garantiTill den här bilen kan du lägga till 12 månaders garanti som täcker motor, växellåda och drivlina under hela garantitiden. Kontakta oss för pris och villkor.Kontakta oss för visning eller frågor!Telefon: 0920-999 86WhatsApp: 0727 448 034E-post: info @ begbilnorr.seWebb: www.begbilnorr.se",https://begbilnorr.se/bilar/toyota-auris-2017-xed158?utm_source=facebook&utm_medium=paid-social&utm_campaign=lagerannonser&utm_content=XED158,Toyota,Auris,2017,42610,KM,179950 SEK,used,used,available,Halvkombi 5-dörrar,Hybrid bensin,automatic,https://images.blocketcdn.se/dynamic/1600w/item/24842514/a0bfcbb4-7dec-42d2-8dd8-a34e70450647,"https://images.blocketcdn.se/dynamic/1600w/item/24842514/8ba07424-c992-490d-9310-8ec842aa26da,https://images.blocketcdn.se/dynamic/1600w/item/24842514/b02588c3-167f-4d07-8c48-7284915191f4,https://images.blocketcdn.se/dynamic/1600w/item/24842514/f885b844-682a-43ed-885a-390235437b65,https://images.blocketcdn.se/dynamic/1600w/item/24842514/6b2db456-47eb-48a7-9225-f807c3937a8c,https://images.blocketcdn.se/dynamic/1600w/item/24842514/bfe19ddd-ccc0-40a8-9381-daba4a249de6,https://images.blocketcdn.se/dynamic/1600w/item/24842514/98801e41-d03b-4ed9-a09d-6bfeff52008d,https://images.blocketcdn.se/dynamic/1600w/item/24842514/c998328a-be85-4306-ab20-3351eb39898b,https://images.blocketcdn.se/dynamic/1600w/item/24842514/60f234c3-8bf2-4c29-81e9-3727450bfa3b,https://images.blocketcdn.se/dynamic/1600w/item/24842514/9388ec71-f601-4a36-a771-d57b8e3c80f2,https://images.blocketcdn.se/dynamic/1600w/item/24842514/66e06af6-7ee0-4ebb-8876-209be8f0805e,https://images.blocketcdn.se/dynamic/1600w/item/24842514/725bf13e-2f04-4e28-9ab7-2fa8ff4672cf","{""addr1"":""Fabriksvägen 18"",""city"":""Luleå"",""region"":""Norrbotten"",""country"":""SE"",""postal_code"":""972 54""}"
CEN801,Opel Zafira,"Opel Zafira 1.9 CDTI Automatisk 120hkVälutrustad Opel Zafira från 2008 med den pålitliga 1.9 CDTI-dieselmotorn på 120 hk och en smidig automatlåda. Den har sju sittplatser och är en rymlig och praktisk familjebil för vardagskörning, familjeliv och längre resor året runt.Bilen har haft samma ägare sedan 2016, är nyligen servad och nybesiktad, och erbjuder bekväm körning med gott om plats för både passagerare och packning. Besiktas senast 2027-10-31. Sommar- och vinterdäck ingår samt garanti för extra trygghet. Finansiering erbjuds och vi hjälper gärna till med inbyte eller hemleverans i hela Sverige.Möjlighet till 12 månaders garantiTill den här bilen kan du lägga till 12 månaders garanti som täcker motor, växellåda och drivlina under hela garantitiden. Kontakta oss för pris och villkor.Kontakta oss för visning eller frågor!Telefon: 0920-999 86WhatsApp: 0727 448 034E-post: info @ begbilnorr.seWebb: www.begbilnorr.se",https://begbilnorr.se/bilar/opel-zafira-2008-cen801?utm_source=facebook&utm_medium=paid-social&utm_campaign=lagerannonser&utm_content=CEN801,Opel,Zafira,2008,219000,KM,36950 SEK,used,used,available,Familjebuss,Diesel,automatic,https://images.blocketcdn.se/dynamic/1600w/item/27193730/cec56a0f-83d1-4b68-94c4-50dac25c17ea,"https://images.blocketcdn.se/dynamic/1600w/item/27193730/b5a7d1b8-1e7b-487b-8743-c65e18d2a11a,https://images.blocketcdn.se/dynamic/1600w/item/27193730/1015c54d-bdd7-4fda-92f0-22b97c04e29b,https://images.blocketcdn.se/dynamic/1600w/item/27193730/db8905ab-eb12-439c-a2b7-5c365fc46706,https://images.blocketcdn.se/dynamic/1600w/item/27193730/a499a88d-2c77-4f61-aad7-4ebe9d27fd55,https://images.blocketcdn.se/dynamic/1600w/item/27193730/f82fd81c-1e47-4b54-aafe-4881a3032eba,https://images.blocketcdn.se/dynamic/1600w/item/27193730/9c2100f8-7b41-4c3e-98b6-b004fb958161,https://images.blocketcdn.se/dynamic/1600w/item/27193730/6c314a35-c57f-455e-9237-388e2804ce4b,https://images.blocketcdn.se/dynamic/1600w/item/27193730/67481520-a621-452b-bba6-5ddda753cec2,https://images.blocketcdn.se/dynamic/1600w/item/27193730/73cd0ae7-94c0-4338-bbba-9fc8e772c119,https://images.blocketcdn.se/dynamic/1600w/item/27193730/3365985f-010a-4d8d-89c8-7af0578acfd3,https://images.blocketcdn.se/dynamic/1600w/item/27193730/d77adc5c-5817-4586-b327-ff00757aa2fd","{""addr1"":""Fabriksvägen 18"",""city"":""Luleå"",""region"":""Norrbotten"",""country"":""SE"",""postal_code"":""972 54""}"
SNE660,Kia Rio,"Kia Rio 1.4 Automatisk 97hk 2008Välutrustad Kia Rio med en pålitlig 1.4-bensinmotor på 97 hk och bekväm automatlåda. Samma ägare sedan 2014, regelbundet servad och nyligen servad. En smidig och lättkörd småbil som passar perfekt för vardagskörning, pendling och stadstrafik året runt.Bilen är lätt att parkera, enkel att köra och har låga driftskostnader. Besiktas senast 2027-09-30. Årsskatt: 1 548 kr. Sommar- och vinterdäck ingår samt garanti för extra trygghet. Finansiering erbjuds och vi hjälper gärna till med inbyte eller hemleverans i hela Sverige.Möjlighet till 12 månaders garantiTill den här bilen kan du lägga till 12 månaders garanti som täcker motor, växellåda och drivlina under hela garantitiden. Kontakta oss för pris och villkor.Kontakta oss för visning eller frågor!Telefon: 0920-999 86WhatsApp: 0727 448 034E-post: info @ begbilnorr.seWebb: www.begbilnorr.se",https://begbilnorr.se/bilar/kia-rio-2008-sne660?utm_source=facebook&utm_medium=paid-social&utm_campaign=lagerannonser&utm_content=SNE660,Kia,Rio,2008,185040,KM,49950 SEK,used,used,available,Halvkombi 5-dörrar,Bensin,automatic,https://images.blocketcdn.se/dynamic/1600w/item/27129408/34090985-300b-4f43-9f5e-6ae9e6ecae7a,"https://images.blocketcdn.se/dynamic/1600w/item/27129408/0284e9ae-e3e2-4891-ae70-7323787d0342,https://images.blocketcdn.se/dynamic/1600w/item/27129408/a44bb172-b9ac-4bf6-abb4-2b4e8b28776e,https://images.blocketcdn.se/dynamic/1600w/item/27129408/f6baa4f6-7681-49fb-8289-bf8665194a2e,https://images.blocketcdn.se/dynamic/1600w/item/27129408/4be64c81-d60e-4777-8ec0-59db10532acb,https://images.blocketcdn.se/dynamic/1600w/item/27129408/50e43b61-d51d-458d-bd0c-d2f1fcd1206f,https://images.blocketcdn.se/dynamic/1600w/item/27129408/9144c133-fc35-4d86-984b-ce3915486b8a,https://images.blocketcdn.se/dynamic/1600w/item/27129408/1c5f413c-5199-4274-bdc7-f3762eddf0c6,https://images.blocketcdn.se/dynamic/1600w/item/27129408/5e188be8-2bf8-4c29-943c-57642327ab69,https://images.blocketcdn.se/dynamic/1600w/item/27129408/1e59934e-e128-4911-a758-0e7191888002,https://images.blocketcdn.se/dynamic/1600w/item/27129408/3b619a46-f26c-46d6-9757-f24eb43908a1","{""addr1"":""Fabriksvägen 18"",""city"":""Luleå"",""region"":""Norrbotten"",""country"":""SE"",""postal_code"":""972 54""}"
ARJ007,Hyundai i30,"Hyundai i30 1.6 CRDi Manuell 116hkVälutrustad Hyundai i30 med den bränslesnåla 1.6 CRDi-dieselmotorn på 116 hk och en smidig sexväxlad manuell låda. En praktisk och pålitlig femdörrars bil som passar bra för både vardagskörning, pendling och längre resor året runt.Bilen har haft samma ägare sedan 2010 och erbjuder låg driftkostnad och bekväm körning. Besiktas senast 2027-10-31. Årsskatt: 1 520 kr. Sommar- och vinterdäck ingår samt garanti för extra trygghet. Finansiering erbjuds och vi hjälper gärna till med inbyte eller hemleverans i hela Sverige.Möjlighet till 12 månaders garantiTill den här bilen kan du lägga till 12 månaders garanti som täcker motor, växellåda och drivlina under hela garantitiden. Kontakta oss för pris och villkor.Kontakta oss för visning eller frågor!Telefon: 0920-999 86WhatsApp: 0727 448 034E-post: info @ begbilnorr.seWebb: www.begbilnorr.se",https://begbilnorr.se/bilar/hyundai-i30-2010-arj007?utm_source=facebook&utm_medium=paid-social&utm_campaign=lagerannonser&utm_content=ARJ007,Hyundai,i30,2010,160920,KM,45950 SEK,used,used,available,Halvkombi 5-dörrar,Diesel,manual,https://images.blocketcdn.se/dynamic/1600w/item/27050034/72d0814e-b862-432f-a3cb-c226f80b5f1b,"https://images.blocketcdn.se/dynamic/1600w/item/27050034/65d13ebd-e7cf-4e26-acaa-43b07e8083e7,https://images.blocketcdn.se/dynamic/1600w/item/27050034/8a0eb980-1fcb-43c3-87b1-2c08d8f59eaa,https://images.blocketcdn.se/dynamic/1600w/item/27050034/69103247-6eac-43c2-a2da-6a0ab31a0628,https://images.blocketcdn.se/dynamic/1600w/item/27050034/9176bac0-fd9a-4c81-86a3-c1fc7187dee0,https://images.blocketcdn.se/dynamic/1600w/item/27050034/5f73c35d-740f-4705-bf01-56e5399cec43,https://images.blocketcdn.se/dynamic/1600w/item/27050034/2ae49b0e-dff3-409f-8a9e-c1909ac8a78e,https://images.blocketcdn.se/dynamic/1600w/item/27050034/d028d6c3-d8f0-4346-ab90-4a173ac6c4af,https://images.blocketcdn.se/dynamic/1600w/item/27050034/f146b7fd-2db8-4435-9d5d-7939a4f4bf04,https://images.blocketcdn.se/dynamic/1600w/item/27050034/8f28fbf4-28c9-47fd-9255-d740b765486d,https://images.blocketcdn.se/dynamic/1600w/item/27050034/9daaa808-7799-4636-8742-77bfd19ae11d,https://images.blocketcdn.se/dynamic/1600w/item/27050034/b3e220c3-c9b5-4fa3-8d07-ac06d32b432b","{""addr1"":""Fabriksvägen 18"",""city"":""Luleå"",""region"":""Norrbotten"",""country"":""SE"",""postal_code"":""972 54""}"
LCD047,Nissan Qashqai,"Nissan Qashqai 1.2 DIG-T Manuell | 115hk | 2016En smidig och bränslesnål SUV perfekt för både stad och landsväg, med komfort och körglädje i fokus.Effektiv 1.2 DIG-T bensinmotor på 115hk med manuell växellåda. Utrustad med bland annat klimatanläggning, infotainmentsystem, backkamera och farthållare som ger en bekväm och trygg körupplevelse året runt.Välskött bil med god servicehistorik och fint skick både invändigt och utvändigt.Besiktad till 2027-03-31Årsskatt: 844 krSommar- och vinterdäck ingårGaranti ingår – slipp otrevliga överraskningar1 månads helförsäkring ingår kostnadsfrittFinansiering erbjuds – snabbt lånebesked, oftast samma dagProvkör bilen hemma hos dig – vi kommer till digByt in din bil eller köp på distans – vi levererar i hela SverigeMöjlighet till 12 månaders garantiTill den här bilen kan du lägga till 12 månaders garanti som täcker motor, växellåda och drivlina under hela garantitiden. Kontakta oss för pris och villkor.",https://begbilnorr.se/bilar/nissan-qashqai-2016-lcd047?utm_source=facebook&utm_medium=paid-social&utm_campaign=lagerannonser&utm_content=LCD047,Nissan,Qashqai,2016,145040,KM,87950 SEK,used,used,available,SUV,Bensin,manual,https://images.blocketcdn.se/dynamic/1600w/item/24650923/ffd70678-302e-4f90-b501-2a1fe02c04af,"https://images.blocketcdn.se/dynamic/1600w/item/24650923/0ba434bd-c5da-4b9d-a501-26a4b5246fa2,https://images.blocketcdn.se/dynamic/1600w/item/24650923/20b40c85-d0ef-439b-8d2d-66f7a24cb616,https://images.blocketcdn.se/dynamic/1600w/item/24650923/0c201dd4-26d8-4bd4-b222-66e9cda76799,https://images.blocketcdn.se/dynamic/1600w/item/24650923/a54b86fc-72db-4e22-bdf0-d4b4504bda35,https://images.blocketcdn.se/dynamic/1600w/item/24650923/10a951ff-2f04-443f-aee9-44da656ad7ee,https://images.blocketcdn.se/dynamic/1600w/item/24650923/5592cb5f-72e0-48e0-bddc-21175d200ed6,https://images.blocketcdn.se/dynamic/1600w/item/24650923/0f8b4652-bc7d-4520-af20-2732135bdbbd,https://images.blocketcdn.se/dynamic/1600w/item/24650923/1e2a75af-f23e-422f-98f1-a749084ab22b,https://images.blocketcdn.se/dynamic/1600w/item/24650923/d610d9ce-9f90-4db1-a27a-0ff80a40d743","{""addr1"":""Fabriksvägen 18"",""city"":""Luleå"",""region"":""Norrbotten"",""country"":""SE"",""postal_code"":""972 54""}"
XMB142,Volkswagen Passat Alltrack,"Välutrustad Volkswagen Passat Alltrack med den starka 2.0 TDI-dieselmotorn på 177 hk, smidig DSG-automatlåda och 4Motion fyrhjulsdrift. Bilen har nyligen fått både kamrem och svänghjul utbytta för 25 000 kr. En rymlig och bränslesnål kombi som passar perfekt för både vardagskörning, familjeliv och längre resor året runt.Bilen har gott om lastutrymme, hög körkomfort och den något högre markfrigången ger trygg framkomlighet i alla väder. Besiktas senast 2027-08-31. Årsskatt: 3 397 kr. Sommar- och vinterdäck ingår samt garanti för extra trygghet. Finansiering erbjuds och vi hjälper gärna till med inbyte eller hemleverans i hela Sverige.Möjlighet till 12 månaders garantiTill den här bilen kan du lägga till 12 månaders garanti som täcker motor, växellåda och drivlina under hela garantitiden. Kontakta oss för pris och villkor.Kontakta oss för visning eller frågor!Telefon: 0920-999 86WhatsApp: 0727 448 034E-post: info @ begbilnorr.seWebb: www.begbilnorr.se",https://begbilnorr.se/bilar/volkswagen-passat-alltrack-2015-xmb142?utm_source=facebook&utm_medium=paid-social&utm_campaign=lagerannonser&utm_content=XMB142,Volkswagen,Passat Alltrack,2015,254500,KM,89950 SEK,used,used,available,Kombi,Diesel,automatic,https://images.blocketcdn.se/dynamic/1600w/item/27093420/a174449e-d9d2-42b4-badb-9ab0cd0b7d07,"https://images.blocketcdn.se/dynamic/1600w/item/27093420/d60cb468-74bc-469e-9f74-32a94db511d7,https://images.blocketcdn.se/dynamic/1600w/item/27093420/16d04f60-fb80-47e1-b045-87f170760c83,https://images.blocketcdn.se/dynamic/1600w/item/27093420/14450ef9-84c8-469c-9d4b-39365545b055,https://images.blocketcdn.se/dynamic/1600w/item/27093420/7fbf5140-7eed-4685-b787-d15cf25e28a9,https://images.blocketcdn.se/dynamic/1600w/item/27093420/9594a0df-64e2-47b3-bad1-5fcfe049cf4b,https://images.blocketcdn.se/dynamic/1600w/item/27093420/2314add9-7667-4327-83e9-cbb68c8300bb,https://images.blocketcdn.se/dynamic/1600w/item/27093420/af6cb502-c956-43cb-9183-8fc5e37bba9c,https://images.blocketcdn.se/dynamic/1600w/item/27093420/48f7f068-b5de-46fa-a8ce-485a9e8fd316,https://images.blocketcdn.se/dynamic/1600w/item/27093420/c5c4d31d-bf04-480f-bdf1-7558c18eeedb","{""addr1"":""Fabriksvägen 18"",""city"":""Luleå"",""region"":""Norrbotten"",""country"":""SE"",""postal_code"":""972 54""}"
